"id","email_text","label"
497,"The presentation team has revised the project report. The presentation draft needs feedback from the project team. Thank you, see you in class.","ham"
211,"An exclusive offer is waiting for you. Explore a new investment plan with a special return. Click now to claim your reward.","spam"
151,"A special investment opportunity has arrived. Receive a money prize with no purchase required. Reply today to accept this offer.","spam"
456,"The presentation team has revised the project report. We can discuss the exam plan during tomorrow's meeting. Please let the team know if the schedule changes.","ham"
147,"Congratulations, you are today's lucky winner! This deal includes a bonus and a free reward. Reply today to accept this offer.","spam"
327,"The exam preparation notes are available for review. Review the submission guidelines before uploading your work. See you at the lecture.","ham"
204,"A special investment opportunity has arrived. Our promotion has a discount for selected customers. Reply today to accept this offer.","spam"
450,"The group meeting has moved to the seminar room. The presentation draft needs feedback from the project team. The report is due before Friday's deadline.","ham"
402,"A reminder about attendance and the class schedule. The laboratory attendance sheet is on the front desk. Thanks for coordinating the laboratory session.","ham"
313,"Please review the assignment before the deadline. Please bring your notes and the latest report. Please reply with any questions about the assignment.","ham"
176,"A limited-time promotion is now available. Your winning number was chosen in the lottery. Claim the cash reward using the secure form.","spam"
378,"The submission deadline is listed on the course page. Please bring your notes and the latest report. Please let the team know if the schedule changes.","ham"
23,"You may qualify for a flexible credit or loan offer. Winners can claim the prize after a quick review. Click to view the discount and deal.","spam"
369,"The presentation team has revised the project report. Please send the report to the course group this afternoon. Regards, the project group.","ham"
139,"Your cash reward and discount are ready. Our promotion has a discount for selected customers. Contact our team to unlock your reward.","spam"
386,"We will discuss the laboratory results after the lecture. Review the submission guidelines before uploading your work. Best, your course representative.","ham"
46,"The weekly lottery draw has announced a winner. The cash offer is available for a short time. Accept the free offer while it is available.","spam"
89,"The weekly lottery draw has announced a winner. Winners can claim the prize after a quick review. Click to view the discount and deal.","spam"
483,"The submission deadline is listed on the course page. Please send the report to the course group this afternoon. Please let the team know if the schedule changes.","ham"
273,"The weekly lottery draw has announced a winner. Winners can claim the prize after a quick review. Accept the free offer while it is available.","spam"
278,"You may qualify for a flexible credit or loan offer. A credit review may unlock a larger loan amount. Claim the cash reward using the secure form.","spam"
205,"Claim your free gift before the offer expires. Our promotion has a discount for selected customers. Accept the free offer while it is available.","spam"
342,"Our college class will meet in the laboratory this week. The assignment covers the topics from this week's class. We can review the presentation together tomorrow.","ham"
281,"Congratulations, you are today's lucky winner! Receive a money prize with no purchase required. Click now to claim your reward.","spam"
439,"The group meeting has moved to the seminar room. Class notes and the updated timetable are attached. Regards, the project group.","ham"
457,"A reminder about attendance and the class schedule. The presentation draft needs feedback from the project team. Best, your course representative.","ham"
316,"Our college class will meet in the laboratory this week. The presentation draft needs feedback from the project team. Best, your course representative.","ham"
419,"The professor shared an update about the next lecture. Review the submission guidelines before uploading your work. See you at the lecture.","ham"
216,"An exclusive offer is waiting for you. Explore a new investment plan with a special return. Click to view the discount and deal.","spam"
122,"You may qualify for a flexible credit or loan offer. Winners can claim the prize after a quick review. Act quickly before this promotion ends.","spam"
102,"Urgent reward notice for your account. Our promotion has a discount for selected customers. Claim the cash reward using the secure form.","spam"
426,"The submission deadline is listed on the course page. The presentation draft needs feedback from the project team. Best, your course representative.","ham"
460,"Hello team, the project meeting is scheduled for tomorrow. The assignment covers the topics from this week's class. Best, your course representative.","ham"
271,"Urgent reward notice for your account. A credit review may unlock a larger loan amount. Reply today to accept this offer.","spam"
233,"You have been selected for a bonus prize. A credit review may unlock a larger loan amount. Visit the link to collect your prize.","spam"
143,"A special investment opportunity has arrived. The cash offer is available for a short time. Claim the cash reward using the secure form.","spam"
36,"A special investment opportunity has arrived. Your winning number was chosen in the lottery. Click to view the discount and deal.","spam"
25,"Urgent reward notice for your account. A credit review may unlock a larger loan amount. Visit the link to collect your prize.","spam"
425,"Hello team, the project meeting is scheduled for tomorrow. The assignment covers the topics from this week's class. I will bring the notes to the meeting.","ham"
5,"You may qualify for a flexible credit or loan offer. Winners can claim the prize after a quick review. Accept the free offer while it is available.","spam"
81,"Urgent reward notice for your account. This deal includes a bonus and a free reward. Reply today to accept this offer.","spam"
485,"The professor shared an update about the next lecture. Please bring your notes and the latest report. The report is due before Friday's deadline.","ham"
51,"A special investment opportunity has arrived. The reward includes a complimentary gift card. Contact our team to unlock your reward.","spam"
357,"The submission deadline is listed on the course page. The assignment covers the topics from this week's class. Thanks for coordinating the laboratory session.","ham"
256,"Urgent reward notice for your account. Your winning number was chosen in the lottery. Confirm your details to receive the bonus.","spam"
88,"You have been selected for a bonus prize. This deal includes a bonus and a free reward. Claim the cash reward using the secure form.","spam"
75,"Claim your free gift before the offer expires. A credit review may unlock a larger loan amount. Accept the free offer while it is available.","spam"
417,"The exam preparation notes are available for review. Class notes and the updated timetable are attached. Thank you, see you in class.","ham"
135,"Your cash reward and discount are ready. Explore a new investment plan with a special return. Respond now to enter the next lottery draw.","spam"
467,"The presentation team has revised the project report. The assignment covers the topics from this week's class. We can review the presentation together tomorrow.","ham"
218,"Claim your free gift before the offer expires. This exclusive deal includes extra bonus money. Click now to claim your reward.","spam"
343,"We will discuss the laboratory results after the lecture. The professor asked us to prepare questions for the lecture. Thank you, see you in class.","ham"
267,"You have been selected for a bonus prize. Winners can claim the prize after a quick review. Accept the free offer while it is available.","spam"
48,"An exclusive offer is waiting for you. Explore a new investment plan with a special return. Accept the free offer while it is available.","spam"
477,"The professor shared an update about the next lecture. The presentation draft needs feedback from the project team. Thanks for coordinating the laboratory session.","ham"
138,"A limited-time promotion is now available. The cash offer is available for a short time. Reply today to accept this offer.","spam"
284,"Your cash reward and discount are ready. This exclusive deal includes extra bonus money. Act quickly before this promotion ends.","spam"
134,"The weekly lottery draw has announced a winner. Your winning number was chosen in the lottery. Click now to claim your reward.","spam"
12,"Your cash reward and discount are ready. Your winning number was chosen in the lottery. Claim the cash reward using the secure form.","spam"
496,"The group meeting has moved to the seminar room. Our team will share the project schedule with everyone. Please let the team know if the schedule changes.","ham"
236,"An exclusive offer is waiting for you. Our promotion has a discount for selected customers. Respond now to enter the next lottery draw.","spam"
473,"Our college class will meet in the laboratory this week. The presentation draft needs feedback from the project team. Please let the team know if the schedule changes.","ham"
264,"A special investment opportunity has arrived. Explore a new investment plan with a special return. Respond now to enter the next lottery draw.","spam"
55,"A special investment opportunity has arrived. Explore a new investment plan with a special return. Click to view the discount and deal.","spam"
348,"Our college class will meet in the laboratory this week. We can discuss the exam plan during tomorrow's meeting. See you at the lecture.","ham"
109,"You have been selected for a bonus prize. The reward includes a complimentary gift card. Contact our team to unlock your reward.","spam"
304,"Our college class will meet in the laboratory this week. The presentation draft needs feedback from the project team. We can review the presentation together tomorrow.","ham"
459,"Our college class will meet in the laboratory this week. The professor asked us to prepare questions for the lecture. We can review the presentation together tomorrow.","ham"
254,"A special investment opportunity has arrived. This exclusive deal includes extra bonus money. Claim the cash reward using the secure form.","spam"
333,"A reminder about attendance and the class schedule. The assignment covers the topics from this week's class. Regards, the project group.","ham"
237,"You may qualify for a flexible credit or loan offer. Receive a money prize with no purchase required. Click to view the discount and deal.","spam"
181,"Claim your free gift before the offer expires. The cash offer is available for a short time. Visit the link to collect your prize.","spam"
358,"A reminder about attendance and the class schedule. Class notes and the updated timetable are attached. Please let the team know if the schedule changes.","ham"
339,"The presentation team has revised the project report. Please send the report to the course group this afternoon. Please let the team know if the schedule changes.","ham"
31,"Claim your free gift before the offer expires. Our promotion has a discount for selected customers. Respond now to enter the next lottery draw.","spam"
203,"The weekly lottery draw has announced a winner. This deal includes a bonus and a free reward. Click to view the discount and deal.","spam"
108,"Congratulations, you are today's lucky winner! The reward includes a complimentary gift card. Click now to claim your reward.","spam"
462,"The presentation team has revised the project report. We can discuss the exam plan during tomorrow's meeting. Regards, the project group.","ham"
157,"Your cash reward and discount are ready. Receive a money prize with no purchase required. Claim the cash reward using the secure form.","spam"
33,"Your cash reward and discount are ready. A credit review may unlock a larger loan amount. Click to view the discount and deal.","spam"
155,"Your cash reward and discount are ready. This exclusive deal includes extra bonus money. Act quickly before this promotion ends.","spam"
153,"Your cash reward and discount are ready. Your winning number was chosen in the lottery. Click now to claim your reward.","spam"
328,"Our college class will meet in the laboratory this week. The presentation draft needs feedback from the project team. Thank you, see you in class.","ham"
436,"The exam preparation notes are available for review. Please bring your notes and the latest report. Thank you, see you in class.","ham"
56,"The weekly lottery draw has announced a winner. Receive a money prize with no purchase required. Accept the free offer while it is available.","spam"
296,"A limited-time promotion is now available. A credit review may unlock a larger loan amount. Respond now to enter the next lottery draw.","spam"
63,"Claim your free gift before the offer expires. Receive a money prize with no purchase required. Contact our team to unlock your reward.","spam"
364,"A reminder about attendance and the class schedule. Class notes and the updated timetable are attached. Regards, the project group.","ham"
72,"A limited-time promotion is now available. Your winning number was chosen in the lottery. Accept the free offer while it is available.","spam"
266,"The weekly lottery draw has announced a winner. Explore a new investment plan with a special return. Contact our team to unlock your reward.","spam"
15,"You may qualify for a flexible credit or loan offer. Winners can claim the prize after a quick review. Claim the cash reward using the secure form.","spam"
298,"Your cash reward and discount are ready. The reward includes a complimentary gift card. Click now to claim your reward.","spam"
152,"A limited-time promotion is now available. The reward includes a complimentary gift card. Respond now to enter the next lottery draw.","spam"
104,"An exclusive offer is waiting for you. Receive a money prize with no purchase required. Click now to claim your reward.","spam"
453,"We will discuss the laboratory results after the lecture. The laboratory attendance sheet is on the front desk. The report is due before Friday's deadline.","ham"
40,"Urgent reward notice for your account. The reward includes a complimentary gift card. Act quickly before this promotion ends.","spam"
433,"A reminder about attendance and the class schedule. Please send the report to the course group this afternoon. We can review the presentation together tomorrow.","ham"
366,"Hello team, the project meeting is scheduled for tomorrow. The presentation draft needs feedback from the project team. The report is due before Friday's deadline.","ham"
146,"Urgent reward notice for your account. This deal includes a bonus and a free reward. Visit the link to collect your prize.","spam"
454,"Please review the assignment before the deadline. Our team will share the project schedule with everyone. Please reply with any questions about the assignment.","ham"
130,"You have been selected for a bonus prize. Explore a new investment plan with a special return. Reply today to accept this offer.","spam"
128,"Urgent reward notice for your account. This exclusive deal includes extra bonus money. Click to view the discount and deal.","spam"
441,"Please review the assignment before the deadline. The assignment covers the topics from this week's class. The report is due before Friday's deadline.","ham"
240,"You have been selected for a bonus prize. The reward includes a complimentary gift card. Act quickly before this promotion ends.","spam"
194,"A limited-time promotion is now available. The reward includes a complimentary gift card. Claim the cash reward using the secure form.","spam"
121,"Claim your free gift before the offer expires. Our promotion has a discount for selected customers. Act quickly before this promotion ends.","spam"
297,"The weekly lottery draw has announced a winner. The cash offer is available for a short time. Visit the link to collect your prize.","spam"
215,"The weekly lottery draw has announced a winner. The reward includes a complimentary gift card. Respond now to enter the next lottery draw.","spam"
261,"A limited-time promotion is now available. Winners can claim the prize after a quick review. Act quickly before this promotion ends.","spam"
471,"Hello team, the project meeting is scheduled for tomorrow. Review the submission guidelines before uploading your work. Best, your course representative.","ham"
262,"Urgent reward notice for your account. A credit review may unlock a larger loan amount. Act quickly before this promotion ends.","spam"
114,"Claim your free gift before the offer expires. This exclusive deal includes extra bonus money. Contact our team to unlock your reward.","spam"
209,"A special investment opportunity has arrived. Winners can claim the prize after a quick review. Respond now to enter the next lottery draw.","spam"
283,"Your cash reward and discount are ready. This deal includes a bonus and a free reward. Reply today to accept this offer.","spam"
140,"Urgent reward notice for your account. Receive a money prize with no purchase required. Click to view the discount and deal.","spam"
98,"You may qualify for a flexible credit or loan offer. The reward includes a complimentary gift card. Click to view the discount and deal.","spam"
400,"A reminder about attendance and the class schedule. The assignment covers the topics from this week's class. Thank you, see you in class.","ham"
336,"Hello team, the project meeting is scheduled for tomorrow. We can discuss the exam plan during tomorrow's meeting. Thank you, see you in class.","ham"
465,"The group meeting has moved to the seminar room. The laboratory attendance sheet is on the front desk. Regards, the project group.","ham"
61,"A special investment opportunity has arrived. Winners can claim the prize after a quick review. Accept the free offer while it is available.","spam"
379,"The group meeting has moved to the seminar room. The assignment covers the topics from this week's class. Please reply with any questions about the assignment.","ham"
117,"You have been selected for a bonus prize. The reward includes a complimentary gift card. Visit the link to collect your prize.","spam"
408,"The group meeting has moved to the seminar room. We can discuss the exam plan during tomorrow's meeting. The report is due before Friday's deadline.","ham"
290,"Claim your free gift before the offer expires. Winners can claim the prize after a quick review. Visit the link to collect your prize.","spam"
299,"Your cash reward and discount are ready. Winners can claim the prize after a quick review. Visit the link to collect your prize.","spam"
168,"Your cash reward and discount are ready. The cash offer is available for a short time. Accept the free offer while it is available.","spam"
59,"The weekly lottery draw has announced a winner. A credit review may unlock a larger loan amount. Accept the free offer while it is available.","spam"
30,"Claim your free gift before the offer expires. The cash offer is available for a short time. Click now to claim your reward.","spam"
144,"The weekly lottery draw has announced a winner. A credit review may unlock a larger loan amount. Claim the cash reward using the secure form.","spam"
491,"The presentation team has revised the project report. Class notes and the updated timetable are attached. We can review the presentation together tomorrow.","ham"
64,"The weekly lottery draw has announced a winner. Receive a money prize with no purchase required. Contact our team to unlock your reward.","spam"
175,"A special investment opportunity has arrived. Your winning number was chosen in the lottery. Visit the link to collect your prize.","spam"
479,"The group meeting has moved to the seminar room. The laboratory attendance sheet is on the front desk. I will bring the notes to the meeting.","ham"
347,"The exam preparation notes are available for review. The laboratory attendance sheet is on the front desk. We can review the presentation together tomorrow.","ham"
210,"You have been selected for a bonus prize. A credit review may unlock a larger loan amount. Respond now to enter the next lottery draw.","spam"
111,"An exclusive offer is waiting for you. Receive a money prize with no purchase required. Act quickly before this promotion ends.","spam"
300,"The weekly lottery draw has announced a winner. Explore a new investment plan with a special return. Act quickly before this promotion ends.","spam"
380,"Please review the assignment before the deadline. The presentation draft needs feedback from the project team. Thank you, see you in class.","ham"
253,"A special investment opportunity has arrived. The reward includes a complimentary gift card. Act quickly before this promotion ends.","spam"
227,"Your cash reward and discount are ready. This exclusive deal includes extra bonus money. Confirm your details to receive the bonus.","spam"
314,"Our college class will meet in the laboratory this week. The presentation draft needs feedback from the project team. The report is due before Friday's deadline.","ham"
432,"The presentation team has revised the project report. Please send the report to the course group this afternoon. Thanks for coordinating the laboratory session.","ham"
405,"The group meeting has moved to the seminar room. Class notes and the updated timetable are attached. See you at the lecture.","ham"
220,"Congratulations, you are today's lucky winner! The reward includes a complimentary gift card. Contact our team to unlock your reward.","spam"
318,"Please review the assignment before the deadline. The professor asked us to prepare questions for the lecture. Regards, the project group.","ham"
403,"Hello team, the project meeting is scheduled for tomorrow. The laboratory attendance sheet is on the front desk. Thank you, see you in class.","ham"
407,"The exam preparation notes are available for review. The assignment covers the topics from this week's class. Please reply with any questions about the assignment.","ham"
480,"A reminder about attendance and the class schedule. Please send the report to the course group this afternoon. Regards, the project group.","ham"
252,"A limited-time promotion is now available. A credit review may unlock a larger loan amount. Reply today to accept this offer.","spam"
346,"Our college class will meet in the laboratory this week. The laboratory attendance sheet is on the front desk. Please let the team know if the schedule changes.","ham"
166,"An exclusive offer is waiting for you. Receive a money prize with no purchase required. Accept the free offer while it is available.","spam"
292,"Your cash reward and discount are ready. This deal includes a bonus and a free reward. Respond now to enter the next lottery draw.","spam"
410,"A reminder about attendance and the class schedule. The presentation draft needs feedback from the project team. I will bring the notes to the meeting.","ham"
177,"You may qualify for a flexible credit or loan offer. Receive a money prize with no purchase required. Act quickly before this promotion ends.","spam"
420,"Please review the assignment before the deadline. Please send the report to the course group this afternoon. I will bring the notes to the meeting.","ham"
412,"A reminder about attendance and the class schedule. Please send the report to the course group this afternoon. We can review the presentation together tomorrow.","ham"
371,"Please review the assignment before the deadline. The professor asked us to prepare questions for the lecture. Regards, the project group.","ham"
86,"An exclusive offer is waiting for you. A credit review may unlock a larger loan amount. Visit the link to collect your prize.","spam"
142,"Your cash reward and discount are ready. Our promotion has a discount for selected customers. Reply today to accept this offer.","spam"
440,"The professor shared an update about the next lecture. Please bring your notes and the latest report. The report is due before Friday's deadline.","ham"
345,"A reminder about attendance and the class schedule. Our team will share the project schedule with everyone. Regards, the project group.","ham"
259,"The weekly lottery draw has announced a winner. The cash offer is available for a short time. Click to view the discount and deal.","spam"
370,"The exam preparation notes are available for review. The assignment covers the topics from this week's class. Thanks for coordinating the laboratory session.","ham"
170,"A special investment opportunity has arrived. A credit review may unlock a larger loan amount. Accept the free offer while it is available.","spam"
19,"Congratulations, you are today's lucky winner! Explore a new investment plan with a special return. Reply today to accept this offer.","spam"
159,"Your cash reward and discount are ready. Your winning number was chosen in the lottery. Claim the cash reward using the secure form.","spam"
172,"Urgent reward notice for your account. A credit review may unlock a larger loan amount. Contact our team to unlock your reward.","spam"
395,"We will discuss the laboratory results after the lecture. Please bring your notes and the latest report. Best, your course representative.","ham"
435,"The group meeting has moved to the seminar room. Review the submission guidelines before uploading your work. Best, your course representative.","ham"
154,"The weekly lottery draw has announced a winner. Winners can claim the prize after a quick review. Accept the free offer while it is available.","spam"
422,"The presentation team has revised the project report. Please bring your notes and the latest report. Thank you, see you in class.","ham"
295,"You may qualify for a flexible credit or loan offer. Our promotion has a discount for selected customers. Visit the link to collect your prize.","spam"
185,"A limited-time promotion is now available. Your winning number was chosen in the lottery. Respond now to enter the next lottery draw.","spam"
251,"Congratulations, you are today's lucky winner! The cash offer is available for a short time. Visit the link to collect your prize.","spam"
4,"The weekly lottery draw has announced a winner. Your winning number was chosen in the lottery. Visit the link to collect your prize.","spam"
10,"Your cash reward and discount are ready. Winners can claim the prize after a quick review. Accept the free offer while it is available.","spam"
208,"Your cash reward and discount are ready. Winners can claim the prize after a quick review. Reply today to accept this offer.","spam"
324,"Please review the assignment before the deadline. The assignment covers the topics from this week's class. See you at the lecture.","ham"
35,"The weekly lottery draw has announced a winner. Your winning number was chosen in the lottery. Claim the cash reward using the secure form.","spam"
115,"You may qualify for a flexible credit or loan offer. A credit review may unlock a larger loan amount. Claim the cash reward using the secure form.","spam"
373,"Our college class will meet in the laboratory this week. The laboratory attendance sheet is on the front desk. Please reply with any questions about the assignment.","ham"
277,"A limited-time promotion is now available. A credit review may unlock a larger loan amount. Contact our team to unlock your reward.","spam"
38,"Your cash reward and discount are ready. Explore a new investment plan with a special return. Contact our team to unlock your reward.","spam"
125,"A limited-time promotion is now available. Explore a new investment plan with a special return. Visit the link to collect your prize.","spam"
362,"Hello team, the project meeting is scheduled for tomorrow. Please send the report to the course group this afternoon. Best, your course representative.","ham"
239,"Urgent reward notice for your account. Winners can claim the prize after a quick review. Reply today to accept this offer.","spam"
484,"The submission deadline is listed on the course page. The presentation draft needs feedback from the project team. Thanks for coordinating the laboratory session.","ham"
464,"A reminder about attendance and the class schedule. Please send the report to the course group this afternoon. Thanks for coordinating the laboratory session.","ham"
411,"A reminder about attendance and the class schedule. Please bring your notes and the latest report. I will bring the notes to the meeting.","ham"
293,"Your cash reward and discount are ready. A credit review may unlock a larger loan amount. Respond now to enter the next lottery draw.","spam"
334,"Please review the assignment before the deadline. The professor asked us to prepare questions for the lecture. The report is due before Friday's deadline.","ham"
196,"Your cash reward and discount are ready. Your winning number was chosen in the lottery. Respond now to enter the next lottery draw.","spam"
452,"Please review the assignment before the deadline. The presentation draft needs feedback from the project team. Thank you, see you in class.","ham"
11,"The weekly lottery draw has announced a winner. A credit review may unlock a larger loan amount. Confirm your details to receive the bonus.","spam"
118,"A special investment opportunity has arrived. Explore a new investment plan with a special return. Act quickly before this promotion ends.","spam"
315,"We will discuss the laboratory results after the lecture. The presentation draft needs feedback from the project team. We can review the presentation together tomorrow.","ham"
269,"You may qualify for a flexible credit or loan offer. Our promotion has a discount for selected customers. Visit the link to collect your prize.","spam"
415,"The submission deadline is listed on the course page. We can discuss the exam plan during tomorrow's meeting. Regards, the project group.","ham"
6,"Urgent reward notice for your account. The reward includes a complimentary gift card. Contact our team to unlock your reward.","spam"
461,"Please review the assignment before the deadline. We can discuss the exam plan during tomorrow's meeting. Thanks for coordinating the laboratory session.","ham"
490,"The exam preparation notes are available for review. The professor asked us to prepare questions for the lecture. The report is due before Friday's deadline.","ham"
188,"Claim your free gift before the offer expires. The reward includes a complimentary gift card. Click now to claim your reward.","spam"
193,"A special investment opportunity has arrived. The reward includes a complimentary gift card. Confirm your details to receive the bonus.","spam"
312,"The group meeting has moved to the seminar room. Class notes and the updated timetable are attached. Best, your course representative.","ham"
384,"The presentation team has revised the project report. Please bring your notes and the latest report. Please reply with any questions about the assignment.","ham"
231,"Urgent reward notice for your account. The reward includes a complimentary gift card. Click now to claim your reward.","spam"
475,"The presentation team has revised the project report. The laboratory attendance sheet is on the front desk. We can review the presentation together tomorrow.","ham"
198,"The weekly lottery draw has announced a winner. The reward includes a complimentary gift card. Visit the link to collect your prize.","spam"
381,"A reminder about attendance and the class schedule. The presentation draft needs feedback from the project team. Thank you, see you in class.","ham"
451,"Please review the assignment before the deadline. The laboratory attendance sheet is on the front desk. We can review the presentation together tomorrow.","ham"
418,"The submission deadline is listed on the course page. Please bring your notes and the latest report. Please reply with any questions about the assignment.","ham"
74,"A limited-time promotion is now available. This deal includes a bonus and a free reward. Contact our team to unlock your reward.","spam"
494,"The professor shared an update about the next lecture. The presentation draft needs feedback from the project team. Thank you, see you in class.","ham"
136,"You have been selected for a bonus prize. Explore a new investment plan with a special return. Click now to claim your reward.","spam"
287,"Claim your free gift before the offer expires. Your winning number was chosen in the lottery. Reply today to accept this offer.","spam"
105,"A limited-time promotion is now available. This deal includes a bonus and a free reward. Reply today to accept this offer.","spam"
132,"A limited-time promotion is now available. Winners can claim the prize after a quick review. Click to view the discount and deal.","spam"
116,"Urgent reward notice for your account. The reward includes a complimentary gift card. Click to view the discount and deal.","spam"
291,"An exclusive offer is waiting for you. Your winning number was chosen in the lottery. Confirm your details to receive the bonus.","spam"
219,"Your cash reward and discount are ready. A credit review may unlock a larger loan amount. Visit the link to collect your prize.","spam"
162,"An exclusive offer is waiting for you. The reward includes a complimentary gift card. Contact our team to unlock your reward.","spam"
351,"Hello team, the project meeting is scheduled for tomorrow. Class notes and the updated timetable are attached. The report is due before Friday's deadline.","ham"
13,"You may qualify for a flexible credit or loan offer. This deal includes a bonus and a free reward. Confirm your details to receive the bonus.","spam"
463,"A reminder about attendance and the class schedule. The presentation draft needs feedback from the project team. See you at the lecture.","ham"
429,"The professor shared an update about the next lecture. We can discuss the exam plan during tomorrow's meeting. Regards, the project group.","ham"
276,"The weekly lottery draw has announced a winner. This deal includes a bonus and a free reward. Reply today to accept this offer.","spam"
306,"Hello team, the project meeting is scheduled for tomorrow. We can discuss the exam plan during tomorrow's meeting. See you at the lecture.","ham"
445,"The exam preparation notes are available for review. We can discuss the exam plan during tomorrow's meeting. I will bring the notes to the meeting.","ham"
392,"Hello team, the project meeting is scheduled for tomorrow. The assignment covers the topics from this week's class. Regards, the project group.","ham"
390,"Hello team, the project meeting is scheduled for tomorrow. The presentation draft needs feedback from the project team. Best, your course representative.","ham"
149,"You may qualify for a flexible credit or loan offer. A credit review may unlock a larger loan amount. Respond now to enter the next lottery draw.","spam"
468,"Please review the assignment before the deadline. Our team will share the project schedule with everyone. I will bring the notes to the meeting.","ham"
397,"We will discuss the laboratory results after the lecture. Review the submission guidelines before uploading your work. The report is due before Friday's deadline.","ham"
200,"The weekly lottery draw has announced a winner. A credit review may unlock a larger loan amount. Click to view the discount and deal.","spam"
65,"Congratulations, you are today's lucky winner! This exclusive deal includes extra bonus money. Confirm your details to receive the bonus.","spam"
289,"Urgent reward notice for your account. Our promotion has a discount for selected customers. Visit the link to collect your prize.","spam"
156,"A special investment opportunity has arrived. The cash offer is available for a short time. Visit the link to collect your prize.","spam"
52,"You may qualify for a flexible credit or loan offer. The reward includes a complimentary gift card. Reply today to accept this offer.","spam"
498,"Hello team, the project meeting is scheduled for tomorrow. The presentation draft needs feedback from the project team. Please let the team know if the schedule changes.","ham"
167,"Your cash reward and discount are ready. A credit review may unlock a larger loan amount. Act quickly before this promotion ends.","spam"
221,"Congratulations, you are today's lucky winner! Receive a money prize with no purchase required. Reply today to accept this offer.","spam"
449,"The professor shared an update about the next lecture. The presentation draft needs feedback from the project team. We can review the presentation together tomorrow.","ham"
288,"Claim your free gift before the offer expires. Receive a money prize with no purchase required. Confirm your details to receive the bonus.","spam"
73,"A special investment opportunity has arrived. A credit review may unlock a larger loan amount. Accept the free offer while it is available.","spam"
438,"The presentation team has revised the project report. Please bring your notes and the latest report. Regards, the project group.","ham"
3,"You have been selected for a bonus prize. Explore a new investment plan with a special return. Accept the free offer while it is available.","spam"
321,"Hello team, the project meeting is scheduled for tomorrow. Review the submission guidelines before uploading your work. Regards, the project group.","ham"
45,"You have been selected for a bonus prize. Explore a new investment plan with a special return. Click now to claim your reward.","spam"
349,"Our college class will meet in the laboratory this week. Class notes and the updated timetable are attached. Best, your course representative.","ham"
232,"An exclusive offer is waiting for you. Your winning number was chosen in the lottery. Confirm your details to receive the bonus.","spam"
377,"Hello team, the project meeting is scheduled for tomorrow. The assignment covers the topics from this week's class. Thank you, see you in class.","ham"
60,"Your cash reward and discount are ready. This exclusive deal includes extra bonus money. Act quickly before this promotion ends.","spam"
241,"An exclusive offer is waiting for you. Explore a new investment plan with a special return. Visit the link to collect your prize.","spam"
309,"Please review the assignment before the deadline. Class notes and the updated timetable are attached. Thank you, see you in class.","ham"
202,"Congratulations, you are today's lucky winner! Your winning number was chosen in the lottery. Contact our team to unlock your reward.","spam"
248,"Your cash reward and discount are ready. A credit review may unlock a larger loan amount. Click now to claim your reward.","spam"
246,"Claim your free gift before the offer expires. Winners can claim the prize after a quick review. Contact our team to unlock your reward.","spam"
301,"We will discuss the laboratory results after the lecture. Review the submission guidelines before uploading your work. The report is due before Friday's deadline.","ham"
423,"The professor shared an update about the next lecture. Please send the report to the course group this afternoon. The report is due before Friday's deadline.","ham"
466,"The exam preparation notes are available for review. Please bring your notes and the latest report. Please reply with any questions about the assignment.","ham"
442,"The group meeting has moved to the seminar room. Please send the report to the course group this afternoon. Please reply with any questions about the assignment.","ham"
133,"Urgent reward notice for your account. A credit review may unlock a larger loan amount. Respond now to enter the next lottery draw.","spam"
455,"We will discuss the laboratory results after the lecture. Class notes and the updated timetable are attached. Regards, the project group.","ham"
62,"You may qualify for a flexible credit or loan offer. Your winning number was chosen in the lottery. Click to view the discount and deal.","spam"
68,"An exclusive offer is waiting for you. Receive a money prize with no purchase required. Confirm your details to receive the bonus.","spam"
124,"Congratulations, you are today's lucky winner! The reward includes a complimentary gift card. Click to view the discount and deal.","spam"
385,"The presentation team has revised the project report. Please bring your notes and the latest report. Thanks for coordinating the laboratory session.","ham"
96,"The weekly lottery draw has announced a winner. This exclusive deal includes extra bonus money. Act quickly before this promotion ends.","spam"
409,"Please review the assignment before the deadline. Class notes and the updated timetable are attached. Please reply with any questions about the assignment.","ham"
83,"Claim your free gift before the offer expires. This exclusive deal includes extra bonus money. Contact our team to unlock your reward.","spam"
486,"The presentation team has revised the project report. We can discuss the exam plan during tomorrow's meeting. Regards, the project group.","ham"
39,"You may qualify for a flexible credit or loan offer. A credit review may unlock a larger loan amount. Reply today to accept this offer.","spam"
29,"The weekly lottery draw has announced a winner. This deal includes a bonus and a free reward. Contact our team to unlock your reward.","spam"
446,"The presentation team has revised the project report. Please send the report to the course group this afternoon. Thank you, see you in class.","ham"
472,"The submission deadline is listed on the course page. Our team will share the project schedule with everyone. Thank you, see you in class.","ham"
243,"Your cash reward and discount are ready. A credit review may unlock a larger loan amount. Click to view the discount and deal.","spam"
396,"Our college class will meet in the laboratory this week. Please bring your notes and the latest report. We can review the presentation together tomorrow.","ham"
169,"You have been selected for a bonus prize. This exclusive deal includes extra bonus money. Accept the free offer while it is available.","spam"
26,"Your cash reward and discount are ready. Explore a new investment plan with a special return. Contact our team to unlock your reward.","spam"
28,"Urgent reward notice for your account. This exclusive deal includes extra bonus money. Reply today to accept this offer.","spam"
47,"Your cash reward and discount are ready. The reward includes a complimentary gift card. Confirm your details to receive the bonus.","spam"
70,"You may qualify for a flexible credit or loan offer. Receive a money prize with no purchase required. Reply today to accept this offer.","spam"
493,"Our college class will meet in the laboratory this week. Our team will share the project schedule with everyone. The report is due before Friday's deadline.","ham"
361,"The professor shared an update about the next lecture. The professor asked us to prepare questions for the lecture. See you at the lecture.","ham"
119,"Your cash reward and discount are ready. This exclusive deal includes extra bonus money. Respond now to enter the next lottery draw.","spam"
326,"Hello team, the project meeting is scheduled for tomorrow. The assignment covers the topics from this week's class. I will bring the notes to the meeting.","ham"
192,"Urgent reward notice for your account. A credit review may unlock a larger loan amount. Act quickly before this promotion ends.","spam"
22,"You may qualify for a flexible credit or loan offer. The cash offer is available for a short time. Claim the cash reward using the secure form.","spam"
79,"Congratulations, you are today's lucky winner! This deal includes a bonus and a free reward. Click now to claim your reward.","spam"
302,"We will discuss the laboratory results after the lecture. Review the submission guidelines before uploading your work. Please reply with any questions about the assignment.","ham"
123,"You have been selected for a bonus prize. Explore a new investment plan with a special return. Confirm your details to receive the bonus.","spam"
57,"Urgent reward notice for your account. This exclusive deal includes extra bonus money. Confirm your details to receive the bonus.","spam"
67,"You may qualify for a flexible credit or loan offer. The cash offer is available for a short time. Claim the cash reward using the secure form.","spam"
317,"Hello team, the project meeting is scheduled for tomorrow. Please bring your notes and the latest report. Best, your course representative.","ham"
265,"Your cash reward and discount are ready. Receive a money prize with no purchase required. Claim the cash reward using the secure form.","spam"
101,"Your cash reward and discount are ready. Receive a money prize with no purchase required. Reply today to accept this offer.","spam"
470,"The professor shared an update about the next lecture. We can discuss the exam plan during tomorrow's meeting. See you at the lecture.","ham"
92,"Urgent reward notice for your account. Winners can claim the prize after a quick review. Reply today to accept this offer.","spam"
394,"Our college class will meet in the laboratory this week. Please send the report to the course group this afternoon. Thank you, see you in class.","ham"
163,"A special investment opportunity has arrived. Winners can claim the prize after a quick review. Respond now to enter the next lottery draw.","spam"
428,"Our college class will meet in the laboratory this week. We can discuss the exam plan during tomorrow's meeting. Please reply with any questions about the assignment.","ham"
2,"An exclusive offer is waiting for you. Explore a new investment plan with a special return. Confirm your details to receive the bonus.","spam"
174,"You have been selected for a bonus prize. This exclusive deal includes extra bonus money. Click now to claim your reward.","spam"
383,"Hello team, the project meeting is scheduled for tomorrow. The laboratory attendance sheet is on the front desk. Regards, the project group.","ham"
90,"A limited-time promotion is now available. Receive a money prize with no purchase required. Visit the link to collect your prize.","spam"
421,"The submission deadline is listed on the course page. The laboratory attendance sheet is on the front desk. The report is due before Friday's deadline.","ham"
87,"You may qualify for a flexible credit or loan offer. A credit review may unlock a larger loan amount. Accept the free offer while it is available.","spam"
131,"An exclusive offer is waiting for you. The reward includes a complimentary gift card. Respond now to enter the next lottery draw.","spam"
165,"Congratulations, you are today's lucky winner! Our promotion has a discount for selected customers. Respond now to enter the next lottery draw.","spam"
352,"Please review the assignment before the deadline. The professor asked us to prepare questions for the lecture. We can review the presentation together tomorrow.","ham"
374,"Please review the assignment before the deadline. Class notes and the updated timetable are attached. Best, your course representative.","ham"
338,"The submission deadline is listed on the course page. Please send the report to the course group this afternoon. Please let the team know if the schedule changes.","ham"
353,"We will discuss the laboratory results after the lecture. Please send the report to the course group this afternoon. Thanks for coordinating the laboratory session.","ham"
257,"You may qualify for a flexible credit or loan offer. The cash offer is available for a short time. Contact our team to unlock your reward.","spam"
17,"You have been selected for a bonus prize. Explore a new investment plan with a special return. Respond now to enter the next lottery draw.","spam"
113,"An exclusive offer is waiting for you. Your winning number was chosen in the lottery. Reply today to accept this offer.","spam"
95,"Claim your free gift before the offer expires. This exclusive deal includes extra bonus money. Respond now to enter the next lottery draw.","spam"
275,"Your cash reward and discount are ready. Explore a new investment plan with a special return. Click to view the discount and deal.","spam"
8,"Urgent reward notice for your account. The cash offer is available for a short time. Click now to claim your reward.","spam"
214,"Urgent reward notice for your account. Our promotion has a discount for selected customers. Reply today to accept this offer.","spam"
268,"The weekly lottery draw has announced a winner. The cash offer is available for a short time. Confirm your details to receive the bonus.","spam"
84,"Claim your free gift before the offer expires. Our promotion has a discount for selected customers. Act quickly before this promotion ends.","spam"
225,"An exclusive offer is waiting for you. This deal includes a bonus and a free reward. Confirm your details to receive the bonus.","spam"
388,"Our college class will meet in the laboratory this week. Review the submission guidelines before uploading your work. I will bring the notes to the meeting.","ham"
50,"A limited-time promotion is now available. A credit review may unlock a larger loan amount. Click now to claim your reward.","spam"
201,"Claim your free gift before the offer expires. Receive a money prize with no purchase required. Act quickly before this promotion ends.","spam"
305,"The exam preparation notes are available for review. Review the submission guidelines before uploading your work. Thanks for coordinating the laboratory session.","ham"
424,"Hello team, the project meeting is scheduled for tomorrow. The assignment covers the topics from this week's class. The report is due before Friday's deadline.","ham"
37,"You have been selected for a bonus prize. Our promotion has a discount for selected customers. Accept the free offer while it is available.","spam"
331,"The exam preparation notes are available for review. The assignment covers the topics from this week's class. See you at the lecture.","ham"
249,"The weekly lottery draw has announced a winner. Winners can claim the prize after a quick review. Respond now to enter the next lottery draw.","spam"
365,"Hello team, the project meeting is scheduled for tomorrow. Class notes and the updated timetable are attached. Please let the team know if the schedule changes.","ham"
469,"Hello team, the project meeting is scheduled for tomorrow. The laboratory attendance sheet is on the front desk. Best, your course representative.","ham"
274,"Your cash reward and discount are ready. This deal includes a bonus and a free reward. Respond now to enter the next lottery draw.","spam"
263,"A limited-time promotion is now available. The reward includes a complimentary gift card. Click to view the discount and deal.","spam"
137,"Urgent reward notice for your account. The cash offer is available for a short time. Click now to claim your reward.","spam"
9,"Your cash reward and discount are ready. Your winning number was chosen in the lottery. Contact our team to unlock your reward.","spam"
186,"An exclusive offer is waiting for you. Explore a new investment plan with a special return. Reply today to accept this offer.","spam"
285,"You have been selected for a bonus prize. The reward includes a complimentary gift card. Accept the free offer while it is available.","spam"
106,"Urgent reward notice for your account. Your winning number was chosen in the lottery. Claim the cash reward using the secure form.","spam"
489,"The exam preparation notes are available for review. Review the submission guidelines before uploading your work. Regards, the project group.","ham"
368,"Hello team, the project meeting is scheduled for tomorrow. We can discuss the exam plan during tomorrow's meeting. Please let the team know if the schedule changes.","ham"
414,"Please review the assignment before the deadline. The presentation draft needs feedback from the project team. Thank you, see you in class.","ham"
245,"A limited-time promotion is now available. Winners can claim the prize after a quick review. Click now to claim your reward.","spam"
279,"You have been selected for a bonus prize. Our promotion has a discount for selected customers. Visit the link to collect your prize.","spam"
260,"You may qualify for a flexible credit or loan offer. Our promotion has a discount for selected customers. Claim the cash reward using the secure form.","spam"
431,"A reminder about attendance and the class schedule. The professor asked us to prepare questions for the lecture. Best, your course representative.","ham"
14,"A special investment opportunity has arrived. This deal includes a bonus and a free reward. Click now to claim your reward.","spam"
141,"Claim your free gift before the offer expires. The cash offer is available for a short time. Confirm your details to receive the bonus.","spam"
294,"A limited-time promotion is now available. This deal includes a bonus and a free reward. Visit the link to collect your prize.","spam"
476,"We will discuss the laboratory results after the lecture. We can discuss the exam plan during tomorrow's meeting. I will bring the notes to the meeting.","ham"
93,"Claim your free gift before the offer expires. Our promotion has a discount for selected customers. Visit the link to collect your prize.","spam"
164,"You may qualify for a flexible credit or loan offer. Winners can claim the prize after a quick review. Act quickly before this promotion ends.","spam"
78,"You have been selected for a bonus prize. This deal includes a bonus and a free reward. Click now to claim your reward.","spam"
447,"The group meeting has moved to the seminar room. Class notes and the updated timetable are attached. We can review the presentation together tomorrow.","ham"
69,"You may qualify for a flexible credit or loan offer. The cash offer is available for a short time. Visit the link to collect your prize.","spam"
247,"The weekly lottery draw has announced a winner. The reward includes a complimentary gift card. Respond now to enter the next lottery draw.","spam"
398,"A reminder about attendance and the class schedule. Class notes and the updated timetable are attached. Regards, the project group.","ham"
71,"You have been selected for a bonus prize. This exclusive deal includes extra bonus money. Click now to claim your reward.","spam"
190,"A special investment opportunity has arrived. This exclusive deal includes extra bonus money. Act quickly before this promotion ends.","spam"
189,"A special investment opportunity has arrived. Your winning number was chosen in the lottery. Accept the free offer while it is available.","spam"
474,"Our college class will meet in the laboratory this week. The presentation draft needs feedback from the project team. Thanks for coordinating the laboratory session.","ham"
367,"The professor shared an update about the next lecture. Our team will share the project schedule with everyone. Please reply with any questions about the assignment.","ham"
360,"Please review the assignment before the deadline. Our team will share the project schedule with everyone. Best, your course representative.","ham"
77,"A special investment opportunity has arrived. Your winning number was chosen in the lottery. Click to view the discount and deal.","spam"
126,"A special investment opportunity has arrived. This exclusive deal includes extra bonus money. Confirm your details to receive the bonus.","spam"
363,"The group meeting has moved to the seminar room. The presentation draft needs feedback from the project team. Best, your course representative.","ham"
387,"The submission deadline is listed on the course page. The professor asked us to prepare questions for the lecture. I will bring the notes to the meeting.","ham"
223,"The weekly lottery draw has announced a winner. Your winning number was chosen in the lottery. Accept the free offer while it is available.","spam"
97,"Claim your free gift before the offer expires. The cash offer is available for a short time. Act quickly before this promotion ends.","spam"
21,"A limited-time promotion is now available. Explore a new investment plan with a special return. Visit the link to collect your prize.","spam"
280,"The weekly lottery draw has announced a winner. This deal includes a bonus and a free reward. Visit the link to collect your prize.","spam"
173,"Urgent reward notice for your account. Explore a new investment plan with a special return. Click to view the discount and deal.","spam"
434,"Please review the assignment before the deadline. Please bring your notes and the latest report. Please let the team know if the schedule changes.","ham"
332,"The presentation team has revised the project report. Our team will share the project schedule with everyone. Please let the team know if the schedule changes.","ham"
112,"You may qualify for a flexible credit or loan offer. Your winning number was chosen in the lottery. Respond now to enter the next lottery draw.","spam"
58,"Claim your free gift before the offer expires. Winners can claim the prize after a quick review. Act quickly before this promotion ends.","spam"
191,"You may qualify for a flexible credit or loan offer. Winners can claim the prize after a quick review. Act quickly before this promotion ends.","spam"
195,"You have been selected for a bonus prize. Our promotion has a discount for selected customers. Contact our team to unlock your reward.","spam"
355,"We will discuss the laboratory results after the lecture. Class notes and the updated timetable are attached. We can review the presentation together tomorrow.","ham"
443,"A reminder about attendance and the class schedule. The presentation draft needs feedback from the project team. I will bring the notes to the meeting.","ham"
488,"Please review the assignment before the deadline. Please bring your notes and the latest report. Thanks for coordinating the laboratory session.","ham"
217,"Congratulations, you are today's lucky winner! A credit review may unlock a larger loan amount. Respond now to enter the next lottery draw.","spam"
127,"Your cash reward and discount are ready. The cash offer is available for a short time. Accept the free offer while it is available.","spam"
500,"The exam preparation notes are available for review. The assignment covers the topics from this week's class. I will bring the notes to the meeting.","ham"
258,"Urgent reward notice for your account. Our promotion has a discount for selected customers. Claim the cash reward using the secure form.","spam"
393,"Our college class will meet in the laboratory this week. Please send the report to the course group this afternoon. I will bring the notes to the meeting.","ham"
325,"Please review the assignment before the deadline. Review the submission guidelines before uploading your work. Thanks for coordinating the laboratory session.","ham"
228,"An exclusive offer is waiting for you. This deal includes a bonus and a free reward. Visit the link to collect your prize.","spam"
282,"You have been selected for a bonus prize. Our promotion has a discount for selected customers. Reply today to accept this offer.","spam"
224,"Urgent reward notice for your account. A credit review may unlock a larger loan amount. Click to view the discount and deal.","spam"
199,"An exclusive offer is waiting for you. This exclusive deal includes extra bonus money. Respond now to enter the next lottery draw.","spam"
242,"Your cash reward and discount are ready. Our promotion has a discount for selected customers. Click to view the discount and deal.","spam"
7,"Your cash reward and discount are ready. This exclusive deal includes extra bonus money. Accept the free offer while it is available.","spam"
82,"A limited-time promotion is now available. Winners can claim the prize after a quick review. Contact our team to unlock your reward.","spam"
41,"Your cash reward and discount are ready. The cash offer is available for a short time. Click now to claim your reward.","spam"
1,"Urgent reward notice for your account. Our promotion has a discount for selected customers. Contact our team to unlock your reward.","spam"
307,"The exam preparation notes are available for review. Review the submission guidelines before uploading your work. Thank you, see you in class.","ham"
340,"The presentation team has revised the project report. Our team will share the project schedule with everyone. Please reply with any questions about the assignment.","ham"
150,"Urgent reward notice for your account. Explore a new investment plan with a special return. Claim the cash reward using the secure form.","spam"
182,"Urgent reward notice for your account. Receive a money prize with no purchase required. Click to view the discount and deal.","spam"
100,"A special investment opportunity has arrived. Our promotion has a discount for selected customers. Contact our team to unlock your reward.","spam"
478,"Hello team, the project meeting is scheduled for tomorrow. We can discuss the exam plan during tomorrow's meeting. Please let the team know if the schedule changes.","ham"
158,"The weekly lottery draw has announced a winner. This exclusive deal includes extra bonus money. Click now to claim your reward.","spam"
495,"The group meeting has moved to the seminar room. We can discuss the exam plan during tomorrow's meeting. Please let the team know if the schedule changes.","ham"
413,"The exam preparation notes are available for review. Review the submission guidelines before uploading your work. Thank you, see you in class.","ham"
99,"The weekly lottery draw has announced a winner. Receive a money prize with no purchase required. Reply today to accept this offer.","spam"
187,"You have been selected for a bonus prize. This exclusive deal includes extra bonus money. Click to view the discount and deal.","spam"
356,"The submission deadline is listed on the course page. Please bring your notes and the latest report. See you at the lecture.","ham"
171,"Urgent reward notice for your account. Receive a money prize with no purchase required. Click to view the discount and deal.","spam"
492,"We will discuss the laboratory results after the lecture. Class notes and the updated timetable are attached. We can review the presentation together tomorrow.","ham"
160,"The weekly lottery draw has announced a winner. Explore a new investment plan with a special return. Accept the free offer while it is available.","spam"
310,"We will discuss the laboratory results after the lecture. We can discuss the exam plan during tomorrow's meeting. Please reply with any questions about the assignment.","ham"
416,"Hello team, the project meeting is scheduled for tomorrow. The presentation draft needs feedback from the project team. Thanks for coordinating the laboratory session.","ham"
350,"We will discuss the laboratory results after the lecture. Class notes and the updated timetable are attached. Regards, the project group.","ham"
270,"An exclusive offer is waiting for you. A credit review may unlock a larger loan amount. Click now to claim your reward.","spam"
255,"An exclusive offer is waiting for you. Receive a money prize with no purchase required. Accept the free offer while it is available.","spam"
34,"The weekly lottery draw has announced a winner. Explore a new investment plan with a special return. Click to view the discount and deal.","spam"
354,"Please review the assignment before the deadline. The laboratory attendance sheet is on the front desk. Thank you, see you in class.","ham"
448,"The presentation team has revised the project report. We can discuss the exam plan during tomorrow's meeting. Best, your course representative.","ham"
235,"Your cash reward and discount are ready. This deal includes a bonus and a free reward. Reply today to accept this offer.","spam"
179,"Congratulations, you are today's lucky winner! The cash offer is available for a short time. Act quickly before this promotion ends.","spam"
499,"The submission deadline is listed on the course page. Our team will share the project schedule with everyone. I will bring the notes to the meeting.","ham"
20,"Congratulations, you are today's lucky winner! This deal includes a bonus and a free reward. Act quickly before this promotion ends.","spam"
197,"You may qualify for a flexible credit or loan offer. This exclusive deal includes extra bonus money. Visit the link to collect your prize.","spam"
18,"Claim your free gift before the offer expires. Explore a new investment plan with a special return. Click to view the discount and deal.","spam"
16,"A limited-time promotion is now available. Winners can claim the prize after a quick review. Contact our team to unlock your reward.","spam"
103,"The weekly lottery draw has announced a winner. Your winning number was chosen in the lottery. Act quickly before this promotion ends.","spam"
145,"Congratulations, you are today's lucky winner! Explore a new investment plan with a special return. Respond now to enter the next lottery draw.","spam"
323,"The exam preparation notes are available for review. Please bring your notes and the latest report. Thanks for coordinating the laboratory session.","ham"
399,"We will discuss the laboratory results after the lecture. Please bring your notes and the latest report. Regards, the project group.","ham"
344,"The submission deadline is listed on the course page. Our team will share the project schedule with everyone. The report is due before Friday's deadline.","ham"
311,"Hello team, the project meeting is scheduled for tomorrow. The presentation draft needs feedback from the project team. Best, your course representative.","ham"
437,"The group meeting has moved to the seminar room. The assignment covers the topics from this week's class. Please let the team know if the schedule changes.","ham"
91,"An exclusive offer is waiting for you. Your winning number was chosen in the lottery. Click now to claim your reward.","spam"
303,"A reminder about attendance and the class schedule. The laboratory attendance sheet is on the front desk. Thanks for coordinating the laboratory session.","ham"
32,"Urgent reward notice for your account. The reward includes a complimentary gift card. Click now to claim your reward.","spam"
330,"The group meeting has moved to the seminar room. Please bring your notes and the latest report. See you at the lecture.","ham"
250,"Urgent reward notice for your account. The reward includes a complimentary gift card. Claim the cash reward using the secure form.","spam"
286,"Urgent reward notice for your account. Winners can claim the prize after a quick review. Visit the link to collect your prize.","spam"
129,"An exclusive offer is waiting for you. Winners can claim the prize after a quick review. Claim the cash reward using the secure form.","spam"
444,"The professor shared an update about the next lecture. Please bring your notes and the latest report. Please let the team know if the schedule changes.","ham"
42,"A special investment opportunity has arrived. The cash offer is available for a short time. Accept the free offer while it is available.","spam"
320,"The group meeting has moved to the seminar room. Review the submission guidelines before uploading your work. Thanks for coordinating the laboratory session.","ham"
184,"You may qualify for a flexible credit or loan offer. The reward includes a complimentary gift card. Click now to claim your reward.","spam"
85,"Urgent reward notice for your account. A credit review may unlock a larger loan amount. Visit the link to collect your prize.","spam"
341,"A reminder about attendance and the class schedule. Class notes and the updated timetable are attached. Please reply with any questions about the assignment.","ham"
401,"The group meeting has moved to the seminar room. Review the submission guidelines before uploading your work. Thank you, see you in class.","ham"
308,"The exam preparation notes are available for review. We can discuss the exam plan during tomorrow's meeting. Regards, the project group.","ham"
244,"A special investment opportunity has arrived. The reward includes a complimentary gift card. Click now to claim your reward.","spam"
238,"A special investment opportunity has arrived. Receive a money prize with no purchase required. Accept the free offer while it is available.","spam"
110,"The weekly lottery draw has announced a winner. The reward includes a complimentary gift card. Click to view the discount and deal.","spam"
76,"Congratulations, you are today's lucky winner! Your winning number was chosen in the lottery. Confirm your details to receive the bonus.","spam"
406,"Please review the assignment before the deadline. Class notes and the updated timetable are attached. Best, your course representative.","ham"
54,"Your cash reward and discount are ready. This exclusive deal includes extra bonus money. Contact our team to unlock your reward.","spam"
24,"Urgent reward notice for your account. The reward includes a complimentary gift card. Accept the free offer while it is available.","spam"
329,"The presentation team has revised the project report. We can discuss the exam plan during tomorrow's meeting. Please reply with any questions about the assignment.","ham"
80,"An exclusive offer is waiting for you. The reward includes a complimentary gift card. Click now to claim your reward.","spam"
66,"Your cash reward and discount are ready. Your winning number was chosen in the lottery. Contact our team to unlock your reward.","spam"
272,"You may qualify for a flexible credit or loan offer. Your winning number was chosen in the lottery. Click now to claim your reward.","spam"
178,"Urgent reward notice for your account. Your winning number was chosen in the lottery. Reply today to accept this offer.","spam"
53,"A limited-time promotion is now available. Winners can claim the prize after a quick review. Click to view the discount and deal.","spam"
27,"A limited-time promotion is now available. Your winning number was chosen in the lottery. Respond now to enter the next lottery draw.","spam"
375,"The presentation team has revised the project report. The presentation draft needs feedback from the project team. Best, your course representative.","ham"
234,"The weekly lottery draw has announced a winner. A credit review may unlock a larger loan amount. Contact our team to unlock your reward.","spam"
207,"A special investment opportunity has arrived. Winners can claim the prize after a quick review. Confirm your details to receive the bonus.","spam"
161,"A special investment opportunity has arrived. Receive a money prize with no purchase required. Claim the cash reward using the secure form.","spam"
107,"The weekly lottery draw has announced a winner. Our promotion has a discount for selected customers. Visit the link to collect your prize.","spam"
335,"The presentation team has revised the project report. The assignment covers the topics from this week's class. The report is due before Friday's deadline.","ham"
94,"You may qualify for a flexible credit or loan offer. This deal includes a bonus and a free reward. Click now to claim your reward.","spam"
212,"The weekly lottery draw has announced a winner. Explore a new investment plan with a special return. Confirm your details to receive the bonus.","spam"
487,"A reminder about attendance and the class schedule. The presentation draft needs feedback from the project team. The report is due before Friday's deadline.","ham"
376,"The presentation team has revised the project report. Our team will share the project schedule with everyone. We can review the presentation together tomorrow.","ham"
206,"Your cash reward and discount are ready. Winners can claim the prize after a quick review. Claim the cash reward using the secure form.","spam"
44,"A special investment opportunity has arrived. Our promotion has a discount for selected customers. Act quickly before this promotion ends.","spam"
120,"You have been selected for a bonus prize. This exclusive deal includes extra bonus money. Accept the free offer while it is available.","spam"
322,"A reminder about attendance and the class schedule. The assignment covers the topics from this week's class. Thank you, see you in class.","ham"
49,"A special investment opportunity has arrived. This exclusive deal includes extra bonus money. Act quickly before this promotion ends.","spam"
372,"Please review the assignment before the deadline. The assignment covers the topics from this week's class. I will bring the notes to the meeting.","ham"
389,"A reminder about attendance and the class schedule. Please send the report to the course group this afternoon. I will bring the notes to the meeting.","ham"
180,"The weekly lottery draw has announced a winner. This exclusive deal includes extra bonus money. Confirm your details to receive the bonus.","spam"
359,"The exam preparation notes are available for review. We can discuss the exam plan during tomorrow's meeting. The report is due before Friday's deadline.","ham"
213,"The weekly lottery draw has announced a winner. Winners can claim the prize after a quick review. Reply today to accept this offer.","spam"
430,"The professor shared an update about the next lecture. Please bring your notes and the latest report. Please reply with any questions about the assignment.","ham"
481,"A reminder about attendance and the class schedule. Class notes and the updated timetable are attached. Thanks for coordinating the laboratory session.","ham"
391,"The presentation team has revised the project report. Please send the report to the course group this afternoon. Regards, the project group.","ham"
319,"The professor shared an update about the next lecture. Please send the report to the course group this afternoon. Regards, the project group.","ham"
222,"An exclusive offer is waiting for you. The cash offer is available for a short time. Contact our team to unlock your reward.","spam"
404,"A reminder about attendance and the class schedule. The laboratory attendance sheet is on the front desk. Best, your course representative.","ham"
229,"Claim your free gift before the offer expires. This deal includes a bonus and a free reward. Contact our team to unlock your reward.","spam"
427,"We will discuss the laboratory results after the lecture. Please send the report to the course group this afternoon. Thank you, see you in class.","ham"
148,"A special investment opportunity has arrived. This exclusive deal includes extra bonus money. Act quickly before this promotion ends.","spam"
482,"We will discuss the laboratory results after the lecture. We can discuss the exam plan during tomorrow's meeting. Regards, the project group.","ham"
458,"Please review the assignment before the deadline. Please send the report to the course group this afternoon. Best, your course representative.","ham"
226,"A special investment opportunity has arrived. The cash offer is available for a short time. Act quickly before this promotion ends.","spam"
337,"A reminder about attendance and the class schedule. Please bring your notes and the latest report. Please reply with any questions about the assignment.","ham"
230,"You may qualify for a flexible credit or loan offer. Our promotion has a discount for selected customers. Claim the cash reward using the secure form.","spam"
183,"A limited-time promotion is now available. A credit review may unlock a larger loan amount. Accept the free offer while it is available.","spam"
382,"Our college class will meet in the laboratory this week. The presentation draft needs feedback from the project team. Regards, the project group.","ham"
43,"A special investment opportunity has arrived. Explore a new investment plan with a special return. Act quickly before this promotion ends.","spam"
